<?xml version="1.0" encoding="UTF-8"?>
    <addon id="repository.420clubhousev2" name="420 Clubhouse Repo" version="2.3" provider-name="Team2wacked">
        <requires>
            <import addon="xbmc.addon" version="12.0.0"/>
        </requires>
        <extension point="xbmc.addon.repository" name="420 Clubhouse Repo">
            <info compressed="false">http://team2wacked.xyz/_Clubhouse/addons.xml</info>
            <checksum>http://team2wacked.xyz/_Clubhouse/addons.xml.md5</checksum>
            <datadir zip="true">http://team2wacked.xyz/_Clubhouse/</datadir>
            <hashes>false</hashes>
        </extension>
        <extension point="xbmc.addon.metadata">
            <summary>Repo for the 420 CLUBHOUSE addon</summary>
            <description>Repo for the 420 CLUBHOUSE addon</description>
            <platform>all</platform>
    </extension>
</addon>