<?xml version="1.0" encoding="UTF-8"?>
<window>
    <defaultcontrol always="true">52</defaultcontrol>
    <controls>
        <control type="image">
            <include>FullscreenDimensions</include>
            <texture>$VAR[LoginProfileBackgroundVar]</texture>
        </control>
        <control type="image">
            <include>FullscreenDimensions</include>
            <texture border="1">black.png</texture>
            <animation effect="fade" start="100" end="55" time="0" condition="true">Conditional</animation>
        </control>
        <control type="group">
            <control type="label">
                <left>442</left>
                <top>150</top>
                <width>1035</width>
                <height>60</height>
                <font>font15</font>
                <textcolor>grey2</textcolor>
                <align>center</align>
                <label>$LOCALIZE[31421]</label>
            </control>
            <control type="list" id="52">
                <left>442</left>
                <top>255</top>
                <width>1035</width>
                <height>602</height>
                <onleft>20</onleft>
                <onright>20</onright>
                <onup>52</onup>
                <ondown>52</ondown>
                <viewtype label="535">list</viewtype>
                <pagecontrol>60</pagecontrol>
                <scrolltime tween="quadratic" easing="out">200</scrolltime>
                <itemlayout height="150" width="1035">
                    <control type="image">
                        <left>15</left>
                        <top>15</top>
                        <width>120</width>
                        <height>112</height>
                        <texture>$INFO[ListItem.Icon]</texture>
                    </control>
                    <control type="label">
                        <left>165</left>
                        <top>15</top>
                        <width>870</width>
                        <height>60</height>
                        <font>font24_title</font>
                        <textcolor>grey2</textcolor>
                        <label>$INFO[ListItem.Label]</label>
                    </control>
                    <control type="label">
                        <left>165</left>
                        <top>75</top>
                        <width>870</width>
                        <height>38</height>
                        <textcolor>grey2</textcolor>
                        <label>$INFO[ListItem.Label2]</label>
                    </control>
                </itemlayout>
                <focusedlayout height="150" width="870">
                    <control type="image">
                        <width>1035</width>
                        <height>142</height>
                        <texture border="5">button-nofocus.png</texture>
                        <visible>!Control.HasFocus(52)</visible>
                        <include>VisibleFadeAnimation</include>
                    </control>
                    <control type="image">
                        <width>1035</width>
                        <height>142</height>
                        <texture colordiffuse="$VAR[HighlightBarColor]" border="5">listselect_fo.png</texture>
                        <visible>Control.HasFocus(52)</visible>
                        <include>VisibleFadeAnimation</include>
                    </control>
                    <control type="image">
                        <left>15</left>
                        <top>15</top>
                        <width>120</width>
                        <height>112</height>
                        <texture>$INFO[ListItem.Icon]</texture>
                    </control>
                    <control type="label">
                        <left>165</left>
                        <top>15</top>
                        <width>870</width>
                        <height>60</height>
                        <font>font24_title</font>
                        <label>$INFO[ListItem.Label]</label>
                    </control>
                    <control type="label">
                        <left>165</left>
                        <top>75</top>
                        <width>870</width>
                        <height>38</height>
                        <label>$INFO[ListItem.Label2]</label>
                    </control>
                </focusedlayout>
            </control>
            <control type="image">
                <left>1482</left>
                <top>940</top>
                <width>400</width>
                <height>130</height>
                <aspectratio align="right">keep</aspectratio>
                <texture colordiffuse="$VAR[ThemeLabelColor]">LOONATICS.png</texture>
            </control>
            <control type="button" id="20">
                <description>Power push button</description>
                <left>917</left>
                <top>950</top>
                <width>86</width>
                <height>86</height>
                <label />
                <font />
                <onclick>ActivateWindow(ShutdownMenu)</onclick>
                <texturefocus>power_fo.png</texturefocus>
                <texturenofocus>power_nf.png</texturenofocus>
                <onleft>52</onleft>
                <onright>52</onright>
                <onup>52</onup>
                <ondown>52</ondown>
                <colordiffuse>CCFFFFFF</colordiffuse>
            </control>
            <control type="image">
                <left>82</left>
                <top>940</top>
                <width>356</width>
                <height>120</height>
                <aspectratio align="left">keep</aspectratio>
                <texture>LOONATICSTEAM.png</texture>
            </control>
        </control>
    </controls>
</window>