<?xml version="1.0" encoding="UTF-8"?>
<window>
    <onload>SetProperty(Window.HasSettings,True,Home)</onload>
    <onload>ClearProperty(MediaMenu,Home)</onload>
    <onunload>ClearProperty(MediaMenu,Home)</onunload>
    <onunload>ClearProperty(Window.HasSettings,Home)</onunload>
    <controls>
        <include>CommonBackground</include>
        <control type="group">
            <top>64</top>
            <include>WindowOpenCloseAnimation</include>
            <include>SystemPanel</include>
            <control type="list" id="9000">
                <left>81</left>
                <top>32</top>
                <width>356</width>
                <height>810</height>
                <onleft>61</onleft>
                <onright condition="Container(9000).HasFocus(1)">200</onright>
                <onright condition="Container(9000).HasFocus(2)">201</onright>
                <onright condition="Container(9000).HasFocus(3)">202</onright>
                <onright condition="Container(9000).HasFocus(4)">203</onright>
                <onright condition="Container(9000).HasFocus(5)">204</onright>
                <onright condition="Container(9000).HasFocus(6)">205</onright>
                <onright condition="Container(9000).HasFocus(7)">206</onright>
                <onright condition="Container(9000).HasFocus(8)">207</onright>
                <onright condition="Container(9000).HasFocus(9)">208</onright>
                <onright condition="Container(9000).HasFocus(10)">209</onright>
                <onright condition="Container(9000).HasFocus(11)">210</onright>
                <onright condition="Container(9000).HasFocus(12)">211</onright>
                <onright condition="Container(9000).HasFocus(13)">212</onright>
                <onright condition="Container(9000).HasFocus(14)">213</onright>
                <onright condition="Container(9000).HasFocus(15)">214</onright>
                <onright condition="Container(9000).HasFocus(16)">215</onright>
                <onup>9000</onup>
                <ondown>9000</ondown>
                <pagecontrol>61</pagecontrol>
                <scrolltime tween="quadratic">300</scrolltime>
                <itemlayout height="81" width="356">
                    <control type="group">
                        <visible>!String.IsEqual(System.Date(ddd),ListItem.Property(day))</visible>
                        <control type="label">
                            <width>356</width>
                            <height>81</height>
                            <font>font15_bold</font>
                            <textoffsetx>20</textoffsetx>
                            <textcolor>grey2</textcolor>
                            <label>$INFO[ListItem.Label]</label>
                        </control>
                        <control type="label">
                            <width>356</width>
                            <height>81</height>
                            <font>font15</font>
                            <textoffsetx>20</textoffsetx>
                            <textcolor>grey2</textcolor>
                            <align>right</align>
                            <label>$INFO[ListItem.Label2]</label>
                        </control>
                    </control>
                    <control type="group">
                        <visible>String.IsEqual(System.Date(ddd),ListItem.Property(day))</visible>
                        <control type="label">
                            <width>356</width>
                            <height>81</height>
                            <font>font15_bold</font>
                            <textoffsetx>20</textoffsetx>
                            <textcolor>$VAR[ThemeLabelColor]</textcolor>
                            <label>$INFO[ListItem.Label]</label>
                        </control>
                        <control type="label">
                            <width>356</width>
                            <height>81</height>
                            <font>font15</font>
                            <textoffsetx>20</textoffsetx>
                            <textcolor>$VAR[ThemeLabelColor]</textcolor>
                            <align>right</align>
                            <label>$INFO[ListItem.Label2]</label>
                        </control>
                    </control>
                </itemlayout>
                <focusedlayout height="81" width="356">
                    <control type="image">
                        <width>356</width>
                        <height>81</height>
                        <texture colordiffuse="$VAR[HighlightBarColor]" border="4">listselect_fo.png</texture>
                        <visible>Control.HasFocus(9000)</visible>
                        <include>VisibleFadeAnimation</include>
                    </control>
                    <control type="group">
                        <control type="label">
                            <width>356</width>
                            <height>81</height>
                            <font>font15_bold</font>
                            <textoffsetx>20</textoffsetx>
                            <label>$INFO[ListItem.Label]</label>
                        </control>
                        <control type="label">
                            <width>356</width>
                            <height>81</height>
                            <font>font15</font>
                            <textoffsetx>20</textoffsetx>
                            <align>right</align>
                            <label>$INFO[ListItem.Label2]</label>
                        </control>
                    </control>
                </focusedlayout>
                <content>
                    <include content="TVGuideItem">
                        <param name="TVGuideItemID">1</param>
                        <param name="TVGuideDayID">200</param>
                    </include>
                    <include content="TVGuideItem">
                        <param name="TVGuideItemID">2</param>
                        <param name="TVGuideDayID">201</param>
                    </include>
                    <include content="TVGuideItem">
                        <param name="TVGuideItemID">3</param>
                        <param name="TVGuideDayID">202</param>
                    </include>
                    <include content="TVGuideItem">
                        <param name="TVGuideItemID">4</param>
                        <param name="TVGuideDayID">203</param>
                    </include>
                    <include content="TVGuideItem">
                        <param name="TVGuideItemID">5</param>
                        <param name="TVGuideDayID">204</param>
                    </include>
                    <include content="TVGuideItem">
                        <param name="TVGuideItemID">6</param>
                        <param name="TVGuideDayID">205</param>
                    </include>
                    <include content="TVGuideItem">
                        <param name="TVGuideItemID">7</param>
                        <param name="TVGuideDayID">206</param>
                    </include>
                    <include content="TVGuideItem">
                        <param name="TVGuideItemID">8</param>
                        <param name="TVGuideDayID">207</param>
                    </include>
                    <include content="TVGuideItem">
                        <param name="TVGuideItemID">9</param>
                        <param name="TVGuideDayID">208</param>
                    </include>
                    <include content="TVGuideItem">
                        <param name="TVGuideItemID">10</param>
                        <param name="TVGuideDayID">209</param>
                    </include>
                    <include content="TVGuideItem">
                        <param name="TVGuideItemID">11</param>
                        <param name="TVGuideDayID">210</param>
                    </include>
                    <include content="TVGuideItem">
                        <param name="TVGuideItemID">12</param>
                        <param name="TVGuideDayID">211</param>
                    </include>
                    <include content="TVGuideItem">
                        <param name="TVGuideItemID">13</param>
                        <param name="TVGuideDayID">212</param>
                    </include>
                    <include content="TVGuideItem">
                        <param name="TVGuideItemID">14</param>
                        <param name="TVGuideDayID">213</param>
                    </include>
                    <include content="TVGuideItem">
                        <param name="TVGuideItemID">15</param>
                        <param name="TVGuideDayID">214</param>
                    </include>
                    <include content="TVGuideItem">
                        <param name="TVGuideItemID">16</param>
                        <param name="TVGuideDayID">215</param>
                    </include>
                </content>
            </control>
            <control type="scrollbar" id="61">
                <left>65</left>
                <top>32</top>
                <width>14</width>
                <height>720</height>
                <onleft>SetProperty(MediaMenu,True,Home)</onleft>
                <onleft>8</onleft>
                <onright>9000</onright>
                <ondown>61</ondown>
                <onup>61</onup>
                <showonepage>false</showonepage>
                <texturesliderbackground />
                <texturesliderbar colordiffuse="80FFFFFF" border="1">scrollbar/texturesliderbar2.png</texturesliderbar>
                <texturesliderbarfocus border="1">scrollbar/texturesliderbar2.png</texturesliderbarfocus>
            </control>
            <control type="group" id="9001">
                <control type="scrollbar" id="60">
                    <left>437</left>
                    <top>18</top>
                    <width>1401</width>
                    <height>12</height>
                    <onup>9001</onup>
                    <ondown condition="Container(9000).HasFocus(1)">200</ondown>
                    <ondown condition="Container(9000).HasFocus(2)">201</ondown>
                    <ondown condition="Container(9000).HasFocus(3)">202</ondown>
                    <ondown condition="Container(9000).HasFocus(4)">203</ondown>
                    <ondown condition="Container(9000).HasFocus(5)">204</ondown>
                    <ondown condition="Container(9000).HasFocus(6)">205</ondown>
                    <ondown condition="Container(9000).HasFocus(7)">206</ondown>
                    <ondown condition="Container(9000).HasFocus(8)">207</ondown>
                    <ondown condition="Container(9000).HasFocus(9)">208</ondown>
                    <ondown condition="Container(9000).HasFocus(10)">209</ondown>
                    <ondown condition="Container(9000).HasFocus(11)">210</ondown>
                    <ondown condition="Container(9000).HasFocus(12)">211</ondown>
                    <ondown condition="Container(9000).HasFocus(13)">212</ondown>
                    <ondown condition="Container(9000).HasFocus(14)">213</ondown>
                    <ondown condition="Container(9000).HasFocus(15)">214</ondown>
                    <ondown condition="Container(9000).HasFocus(16)">215</ondown>
                    <onleft>9000</onleft>
                    <texturesliderbackground />
                    <texturesliderbar border="6,0,6,0">scrollbar/texturesliderbar_hor.png</texturesliderbar>
                    <texturesliderbarfocus border="6,0,6,0">scrollbar/texturesliderbarfocus_hor.png</texturesliderbarfocus>
                    <textureslidernib />
                    <textureslidernibfocus />
                    <showonepage>false</showonepage>
                    <orientation>horizontal</orientation>
                    <animation effect="fade" start="100" end="0" time="500" delay="500" condition="!Control.HasFocus(60) + !Container.Scrolling">Conditional</animation>
                </control>
                <control type="panel" id="200">
                    <visible allowhiddenfocus="true">[Control.HasFocus(9000) + Container(9000).HasFocus(1)] | Control.HasFocus(200) | [Container(9000).HasFocus(1) + Control.HasFocus(60)]</visible>
                    <include>SettingsFadeAnimation</include>
                    <onright>200</onright>
                    <include>TVNextAiredListCommonLayout</include>
                </control>
                <control type="panel" id="201">
                    <visible allowhiddenfocus="true">[Control.HasFocus(9000) + Container(9000).HasFocus(2)] | Control.HasFocus(201) | [Container(9000).HasFocus(2) + Control.HasFocus(60)]</visible>
                    <include>SettingsFadeAnimation</include>
                    <onright>201</onright>
                    <include>TVNextAiredListCommonLayout</include>
                </control>
                <control type="panel" id="202">
                    <visible allowhiddenfocus="true">[Control.HasFocus(9000) + Container(9000).HasFocus(3)] | Control.HasFocus(202) | [Container(9000).HasFocus(3) + Control.HasFocus(60)]</visible>
                    <include>SettingsFadeAnimation</include>
                    <onright>202</onright>
                    <include>TVNextAiredListCommonLayout</include>
                </control>
                <control type="panel" id="203">
                    <visible allowhiddenfocus="true">[Control.HasFocus(9000) + Container(9000).HasFocus(4)] | Control.HasFocus(203) | [Container(9000).HasFocus(4) + Control.HasFocus(60)]</visible>
                    <include>SettingsFadeAnimation</include>
                    <onright>203</onright>
                    <include>TVNextAiredListCommonLayout</include>
                </control>
                <control type="panel" id="204">
                    <visible allowhiddenfocus="true">[Control.HasFocus(9000) + Container(9000).HasFocus(5)] | Control.HasFocus(204) | [Container(9000).HasFocus(5) + Control.HasFocus(60)]</visible>
                    <include>SettingsFadeAnimation</include>
                    <onright>204</onright>
                    <include>TVNextAiredListCommonLayout</include>
                </control>
                <control type="panel" id="205">
                    <visible allowhiddenfocus="true">[Control.HasFocus(9000) + Container(9000).HasFocus(6)] | Control.HasFocus(205) | [Container(9000).HasFocus(6) + Control.HasFocus(60)]</visible>
                    <include>SettingsFadeAnimation</include>
                    <onright>205</onright>
                    <include>TVNextAiredListCommonLayout</include>
                </control>
                <control type="panel" id="206">
                    <visible allowhiddenfocus="true">[Control.HasFocus(9000) + Container(9000).HasFocus(7)] | Control.HasFocus(206) | [Container(9000).HasFocus(7) + Control.HasFocus(60)]</visible>
                    <include>SettingsFadeAnimation</include>
                    <onright>206</onright>
                    <include>TVNextAiredListCommonLayout</include>
                </control>
                <control type="panel" id="207">
                    <visible allowhiddenfocus="true">[Control.HasFocus(9000) + Container(9000).HasFocus(8)] | Control.HasFocus(207) | [Container(9000).HasFocus(8) + Control.HasFocus(60)]</visible>
                    <include>SettingsFadeAnimation</include>
                    <onright>207</onright>
                    <include>TVNextAiredListCommonLayout</include>
                </control>
                <control type="panel" id="208">
                    <visible allowhiddenfocus="true">[Control.HasFocus(9000) + Container(9000).HasFocus(9)] | Control.HasFocus(208) | [Container(9000).HasFocus(9) + Control.HasFocus(60)]</visible>
                    <include>SettingsFadeAnimation</include>
                    <onright>208</onright>
                    <include>TVNextAiredListCommonLayout</include>
                </control>
                <control type="panel" id="209">
                    <visible allowhiddenfocus="true">[Control.HasFocus(9000) + Container(9000).HasFocus(10)] | Control.HasFocus(209) | [Container(9000).HasFocus(10) + Control.HasFocus(60)]</visible>
                    <include>SettingsFadeAnimation</include>
                    <onright>209</onright>
                    <include>TVNextAiredListCommonLayout</include>
                </control>
                <control type="panel" id="210">
                    <visible allowhiddenfocus="true">[Control.HasFocus(9000) + Container(9000).HasFocus(11)] | Control.HasFocus(210) | [Container(9000).HasFocus(11) + Control.HasFocus(60)]</visible>
                    <include>SettingsFadeAnimation</include>
                    <onright>210</onright>
                    <include>TVNextAiredListCommonLayout</include>
                </control>
                <control type="panel" id="211">
                    <visible allowhiddenfocus="true">[Control.HasFocus(9000) + Container(9000).HasFocus(12)] | Control.HasFocus(211) | [Container(9000).HasFocus(12) + Control.HasFocus(60)]</visible>
                    <include>SettingsFadeAnimation</include>
                    <onright>211</onright>
                    <include>TVNextAiredListCommonLayout</include>
                </control>
                <control type="panel" id="212">
                    <visible allowhiddenfocus="true">[Control.HasFocus(9000) + Container(9000).HasFocus(13)] | Control.HasFocus(212) | [Container(9000).HasFocus(13) + Control.HasFocus(60)]</visible>
                    <include>SettingsFadeAnimation</include>
                    <onright>212</onright>
                    <include>TVNextAiredListCommonLayout</include>
                </control>
                <control type="panel" id="213">
                    <visible allowhiddenfocus="true">[Control.HasFocus(9000) + Container(9000).HasFocus(14)] | Control.HasFocus(213) | [Container(9000).HasFocus(14) + Control.HasFocus(60)]</visible>
                    <include>SettingsFadeAnimation</include>
                    <onright>213</onright>
                    <include>TVNextAiredListCommonLayout</include>
                </control>
                <control type="panel" id="214">
                    <visible allowhiddenfocus="true">[Control.HasFocus(9000) + Container(9000).HasFocus(15)] | Control.HasFocus(214) | [Container(9000).HasFocus(15) + Control.HasFocus(60)]</visible>
                    <include>SettingsFadeAnimation</include>
                    <onright>214</onright>
                    <include>TVNextAiredListCommonLayout</include>
                </control>
                <control type="panel" id="215">
                    <visible allowhiddenfocus="true">[Control.HasFocus(9000) + Container(9000).HasFocus(16)] | Control.HasFocus(215) | [Container(9000).HasFocus(16) + Control.HasFocus(60)]</visible>
                    <include>SettingsFadeAnimation</include>
                    <onright>215</onright>
                    <include>TVNextAiredListCommonLayout</include>
                </control>
            </control>
        </control>
        <include>Topbar</include>
        <control type="group">
            <left>-440</left>
            <animation effect="slide" start="440,0" end="0,0" time="400" tween="quadratic" easing="out" condition="String.IsEmpty(Window(Home).Property(MediaMenu))">Conditional</animation>
            <control type="image">
                <width>432</width>
                <height>1080</height>
                <texture border="40">mediamenu_back.png</texture>
            </control>
            <control type="button" id="8999">
                <left>358</left>
                <top>-11</top>
                <width>64</width>
                <height>48</height>
                <label></label>
                <font>CloseButton</font>
                <textcolor>grey</textcolor>
                <focusedcolor>$VAR[ThemeLabelColor]</focusedcolor>
                <onclick>ClearProperty(MediaMenu,Home)</onclick>
                <onclick>SetFocus(50)</onclick>
                <texturefocus />
                <texturenofocus />
                <align>center</align>
                <visible>system.getbool(input.enablemouse)</visible>
            </control>
            <control type="image">
                <top>-15</top>
                <width>400</width>
                <height>130</height>
                <texture colordiffuse="$VAR[ThemeLabelColor]">LOONATICS.png</texture>
            </control>
            <control type="grouplist" id="9050">
                <top>100</top>
                <width>400</width>
                <height>1080</height>
                <onup>9957</onup>
                <ondown>9957</ondown>
                <control type="label" id="20001">
                    <width>400</width>
                    <height>52</height>
                    <textoffsetx>15</textoffsetx>
                    <font>font13_title</font>
                    <label>$INFO[System.AddonTitle(script.tv.show.next.aired)]</label>
                    <textcolor>$VAR[ThemeLabelColor]</textcolor>
                </control>
                <control type="button" id="8">
                    <description>Settings</description>
                    <textwidth>352</textwidth>
                    <onright>ClearProperty(MediaMenu,Home)</onright>
                    <onback>ClearProperty(MediaMenu,Home)</onback>
                    <onback>2000</onback>
                    <include>ButtonCommonValues</include>
                    <label>5</label>
                    <onright>9000</onright>
                </control>
            </control>
            <include>MediaMenuPlayerControls</include>
        </control>
    </controls>
</window>