<?xml version="1.0" encoding="UTF-8" standalone="yes"?>
<addon id="repository.symbiotortemplates" name="[COLOR red]Sym[/COLOR][COLOR white]biotor[/COLOR]Templates" version="0.0.8" provider-name="Karnage">
	<extension point="xbmc.addon.repository" name="[COLOR red]Sym[/COLOR][COLOR white]biotor[/COLOR] Templates">
		<dir>
			<info compressed="false">http://cf368ff.online-server.cloud/symbo/par/zips/addons.xml</info>
			<checksum>http://cf368ff.online-server.cloud/symbo/par/zips/addons.xml.md5</checksum>
			<datadir zip="true">http://cf368ff.online-server.cloud/symbo/par/zips/</datadir>
		</dir>
		<dir>
			<info compressed="false">http://cf368ff.online-server.cloud/templates/zips/addons.xml</info>
			<checksum>http://cf368ff.online-server.cloud/templates/zips/addons.xml.md5</checksum>
			<datadir zip="true">http://cf368ff.online-server.cloud/templates/zips/</datadir>
		</dir>

        <dir>
			<info compressed="false">https://raw.githubusercontent.com/Gujal00/smrzips/master/addons.xml</info>
			<checksum>https://raw.githubusercontent.com/Gujal00/smrzips/master/addons.xml.md5</checksum>
			<datadir zip="true">https://raw.githubusercontent.com/Gujal00/smrzips/master/zips/</datadir>
	    </dir>
	</extension>
	<extension point="xbmc.addon.metadata">
		<summary>New Testing Template</summary>
		<description></description>
		<disclaimer>New Testing Template</disclaimer>
		<website></website>
		<forum></forum>
		<platform>all</platform>
		<license>GNU GENERAL PUBLIC LICENSE. Version 3, June 2007</license>
	</extension>
</addon>

