<?xml version="1.0" encoding="UTF-8" standalone="yes"?>
<addon  id="script.lu.tvtap" version="20.10.23"
        name="   [COLORspringgreen]Loonatics [COLORpalegreen]Unleashed[/COLOR] [COLORspringgreen]Tv[COLORpalegreen]Tap[/COLOR]"
        provider-name="[COLORspringgreen]• [COLORpalegreen]Loonatics [COLORspringgreen]•[/COLOR]">
  <requires>
    <import addon="xbmc.python" version="2.26.0"/>
    <import addon="script.module.pycryptodome" />
    <import addon="script.module.requests" />
    <import addon="script.module.kodi-six" />
    <import addon="script.module.future" />
    <import addon="script.module.routing" />
  </requires>
  <extension point="xbmc.python.pluginsource" library="addon.py">
    <provides>all</provides>
  </extension>
  <extension point="xbmc.addon.metadata">
        <summary lang="en">[COLORspringgreen]Loonatics [COLORpalegreen]Unleashed[/COLOR] [COLORwhite]TvTap[/COLOR]</summary>
        <description>[COLORspringgreen]Loonatics [COLORpalegreen]Unleashed[/COLOR] [COLORwhite]TvTap[/COLOR]</description>
        <disclaimer lang="en">The author of this addon do not host any of the content which is found and have no affiliation with any of the content providers. This addon simply searches websites for content. Use at your own risk!</disclaimer>
    <language></language>
    <platform>all</platform>
    <license></license>
    <forum></forum>
    <website></website>
    <email></email>
    <source></source>
    <assets>
        <icon>icon.png</icon>
        <fanart>fanart.jpg</fanart>
    </assets>
  </extension>
</addon>
