<?xml version="1.0" encoding="UTF-8" standalone="yes"?>
<addon id="repository.kresurrected" name="[COLOR red] Karnage[/COLOR]  [COLOR white]Resurrected[/COLOR]" version="1.0.18" provider-name="[COLOR red] K[/COLOR][COLOR white]arnage[/COLOR]">
	<extension point="xbmc.addon.repository" name="[COLOR red] Karnage[/COLOR] [COLOR white]Resurrected[/COLOR]">
		<dir>
			<info compressed="false">http://cf368ff.online-server.cloud/karnage/zips/addons.xml</info>
			<checksum>http://cf368ff.online-server.cloud/karnage/zips/addons.xml.md5</checksum>
			<datadir zip="true">http://cf368ff.online-server.cloud/karnage/zips/</datadir>
		</dir>
        <dir>
	        <info compressed="false">http://cf368ff.online-server.cloud/bonecrusher/metas/addons.xml</info>
	        <checksum>http://cf368ff.online-server.cloud/bonecrusher/metas/addons.xml.md5</checksum>
	        <datadir zip="true">http://cf368ff.online-server.cloud/bonecrusher/metas/</datadir>
	    </dir>
		<dir>
			<info compressed="false">http://cf368ff.online-server.cloud/symbo/par/zips/addons.xml</info>
			<checksum>http://cf368ff.online-server.cloud/symbo/par/zips/addons.xml.md5</checksum>
			<datadir zip="true">http://cf368ff.online-server.cloud/symbo/par/zips/</datadir>
		</dir>
		<dir>
			<info compressed="false">http://cf368ff.online-server.cloud/symbo/scripts/zips/addons.xml</info>
			<checksum>http://cf368ff.online-server.cloud/symbo/scripts/zips/addons.xml.md5</checksum>
			<datadir zip="true">http://cf368ff.online-server.cloud/symbo/scripts/zips/</datadir>
		</dir>
        <dir>
	        <info compressed="false">http://cf368ff.online-server.cloud/bonecrusher/xxxmeta/addons.xml</info>
	        <checksum>http://cf368ff.online-server.cloud/bonecrusher/xxxmeta/addons.xml.md5</checksum>
	        <datadir zip="true">http://cf368ff.online-server.cloud/bonecrusher/xxxmeta/</datadir>
	    </dir>
        <dir>
	        <info compressed="false">https://raw.githubusercontent.com/jsergio123/zips/master/addons.xml</info>
	        <checksum>https://raw.githubusercontent.com/jsergio123/zips/master/addons.xml.md5</checksum>
	        <datadir zip="true">https://raw.githubusercontent.com/jsergio123/zips/master/</datadir>
	    </dir>
		<dir>
            <info compressed="false">https://raw.githubusercontent.com/teamuniversal/scrapers/master/_modules4all/zips/addons.xml</info>
            <checksum>https://raw.githubusercontent.com/teamuniversal/scrapers/master/_modules4all/zips/addons.xml.md5</checksum>
            <datadir zip="true">https://raw.githubusercontent.com/teamuniversal/scrapers/master/_modules4all/zips/</datadir>
        </dir>
		<dir>
                <info compressed="false">https://raw.githubusercontent.com/Guilouz/repository.guilouz/master/_repo/addons.xml</info>
                <checksum>https://raw.githubusercontent.com/Guilouz/repository.guilouz/master/_repo/addons.xml.md5</checksum>
                <datadir zip="true">https://github.com/Guilouz/repository.guilouz/raw/master/_repo</datadir>
        </dir>
		<dir>
	        <info compressed="false">https://raw.githubusercontent.com/a4k-openproject/repository.openscrapers/master/zips/addons.xml</info>
	        <checksum>https://raw.githubusercontent.com/a4k-openproject/repository.openscrapers/master/zips/addons.xml.md5</checksum>
	        <datadir zip="true">https://raw.githubusercontent.com/a4k-openproject/repository.openscrapers/master/zips/</datadir>
		</dir>
	</extension>
	<extension point="xbmc.addon.metadata">
		<summary lang="en">Welcome To The KARNAGE</summary>
		<description lang="en">KARNAGE Repo</description>
		<genre></genre>
    <assets>
        <icon>icon.png</icon>
        <fanart>fanart.jpg</fanart>
        <banner></banner>
        <clearlogo></clearlogo>
        <screenshot></screenshot>
    </assets>
	</extension>
</addon>
