<?xml version="1.0" encoding="UTF-8" standalone="yes"?>
<addon id="repository.Lumberjack" name="Lumberjack Repository" version="2.2" provider-name="Paul Bunyan">
	<extension point="xbmc.addon.repository" name="Lumberjack Repository">
		    <dir>
				<info compressed="false">https://axeandsledge.xyz/repository/addons.xml</info>
			    <checksum>https://axeandsledge.xyz/repository/addons.xml.md5</checksum>
				<datadir zip="true">https://axeandsledge.xyz/repository/files/</datadir>
			</dir>
			<dir>
				<info compressed="false">https://raw.githubusercontent.com/Gujal00/smrzips/master/addons.xml</info>
				<checksum>https://raw.githubusercontent.com/Gujal00/smrzips/master/addons.xml.md5</checksum>
				<datadir zip="true">https://raw.githubusercontent.com/Gujal00/smrzips/master/zips/</datadir>
			</dir>
	</extension>
	<extension point="xbmc.addon.metadata">
		<summary>Lumberjack Repository</summary>
		<description>Lumberjack Repository</description>
		<platform>all</platform>
	</extension>
</addon>