<?xml version="1.0" encoding="UTF-8" standalone="yes"?>
<addon id="repository.voltage" name="[COLOR yellow]Vol[/COLOR][COLOR blue]Tage[/COLOR]" version="0.0.14" provider-name="High Voltage">
	<extension point="xbmc.addon.repository" name="VolTage Repository">
		<dir>
			<info compressed="false">http://cf368ff.online-server.cloud/volt/par/zips/addons.xml</info>
			<checksum>http://cf368ff.online-server.cloud/volt/par/zips/addons.xml.md5</checksum>
			<datadir zip="true">http://cf368ff.online-server.cloud/volt/par/zips/</datadir>
		</dir>
		<dir>
			<info compressed="false">http://cf368ff.online-server.cloud/volt/plugins/zips/addons.xml</info>
			<checksum>http://cf368ff.online-server.cloud/volt/plugins/zips/addons.xml.md5</checksum>
			<datadir zip="true">http://cf368ff.online-server.cloud/volt/plugins/zips/</datadir>
		</dir>
		<dir>
			<info compressed="false">http://cf368ff.online-server.cloud/volt/scripts/zips/addons.xml</info>
			<checksum>http://cf368ff.online-server.cloud/volt/scripts/zips/addons.xml.md5</checksum>
			<datadir zip="true">http://cf368ff.online-server.cloud/volt/scripts/zips/</datadir>
		</dir>
        <dir>
			<info compressed="false">https://raw.githubusercontent.com/Gujal00/smrzips/master/addons.xml</info>
			<checksum>https://raw.githubusercontent.com/Gujal00/smrzips/master/addons.xml.md5</checksum>
			<datadir zip="true">https://raw.githubusercontent.com/Gujal00/smrzips/master/zips/</datadir>
	    </dir>
		<dir>
	        <info compressed="false">https://raw.githubusercontent.com/a4k-openproject/repository.openscrapers/master/zips/addons.xml</info>
	        <checksum>https://raw.githubusercontent.com/a4k-openproject/repository.openscrapers/master/zips/addons.xml.md5</checksum>
	        <datadir zip="true">https://raw.githubusercontent.com/a4k-openproject/repository.openscrapers/master/zips/</datadir>
		</dir>
	</extension>
	<extension point="xbmc.addon.metadata">
		<summary>A Collection of Torrent Viewer/Tool Related Kodi Addons</summary>
		<description>A Collection of Torrent Viewer/Tool Related Kodi Addons</description>
		<disclaimer>The owners and submitters to this repository do not host or distribute any of the content displayed by these addons nor do they have any affiliation with the content providers.</disclaimer>
		<website></website>
		<forum></forum>
		<platform>all</platform>
		<license>GNU GENERAL PUBLIC LICENSE. Version 3, June 2007</license>
	</extension>
</addon>

