<?xml version="1.0" encoding="UTF-8" standalone="yes"?>
<addon id="repository.sublime"
       name="[COLORlime]sublime repo[/COLOR]"
       version="21.5.30"
       provider-name="[COLORlime]SubLime[/COLOR]">
    <extension point="xbmc.addon.repository" name="Sublime Repo">
        <dir>
            <info compressed="false">https://raw.githubusercontent.com/sub1im3/sublime/main/zips/addons.xml</info>
            <checksum>https://raw.githubusercontent.com/sub1im3/sublime/main/zips/addons.xml.md5</checksum>
            <datadir zip="true">https://raw.githubusercontent.com/sub1im3/sublime/main/zips/</datadir>
        </dir>
    </extension>
    <extension point="xbmc.addon.metadata">
        <summary>[COLORlime]Sublime Repo[/COLOR]</summary>
        <description>[COLORlime]Sublime Repo[/COLOR]</description>
        <platform>all</platform>
    <assets>
        <icon>icon.png</icon>
        <fanart>fanart.jpg</fanart>
    </assets>
    </extension>
</addon>