<?xml version="1.0" encoding="UTF-8" standalone="yes"?>
<addon id="repository.madhouse" name="MadHouse repo" version="0.0.0.5" provider-name="Madhouse">
	<extension point="xbmc.addon.repository" name="Mad House Repository">
        <dir>
            <info compressed="false">https://raw.githubusercontent.com/mr-kodi/repository.fenomscrapers/master/zips/addons.xml</info>
            <checksum>https://raw.githubusercontent.com/mr-kodi/repository.fenomscrapers/master/zips/addons.xml.md5</checksum>
            <datadir zip="true">https://raw.githubusercontent.com/mr-kodi/repository.fenomscrapers/master/zips/</datadir>
        </dir>
		<dir>
			<info compressed="false">http://cf368ff.online-server.cloud/madhouse/zips/addons.xml</info>
			<checksum>http://cf368ff.online-server.cloud/madhouse/zips/addons.xml.md5</checksum>
			<datadir zip="true">http://cf368ff.online-server.cloud/madhouse/zips/</datadir>
		</dir>
        <dir>
	        <info compressed="false">https://raw.githubusercontent.com/jsergio123/zips/master/addons.xml</info>
	        <checksum>https://raw.githubusercontent.com/jsergio123/zips/master/addons.xml.md5</checksum>
	        <datadir zip="true">https://raw.githubusercontent.com/jsergio123/zips/master/</datadir>
	    </dir>
		<dir>
            <info compressed="false">https://raw.githubusercontent.com/teamuniversal/scrapers/master/_modules4all/zips/addons.xml</info>
            <checksum>https://raw.githubusercontent.com/teamuniversal/scrapers/master/_modules4all/zips/addons.xml.md5</checksum>
            <datadir zip="true">https://raw.githubusercontent.com/teamuniversal/scrapers/master/_modules4all/zips/</datadir>
        </dir>
		<dir>
                <info compressed="false">https://raw.githubusercontent.com/Guilouz/repository.guilouz/master/_repo/addons.xml</info>
                <checksum>https://raw.githubusercontent.com/Guilouz/repository.guilouz/master/_repo/addons.xml.md5</checksum>
                <datadir zip="true">https://github.com/Guilouz/repository.guilouz/raw/master/_repo</datadir>
        </dir>
	</extension>
	<extension point="xbmc.addon.metadata">
		<summary lang="en"></summary>
		<description lang="en"></description>
		<genre>kids,movies,tvshows,uk,usa</genre>
    <assets>
        <icon>icon.png</icon>
        <fanart>fanart.jpg</fanart>      
    </assets>
	</extension>
</addon>
