<?xml version="1.0" encoding="UTF-8" standalone="yes"?>
<addon id="repository.nostromo" name="Nostromo" version="1.0.0.2.2" provider-name="Nostromo">
	<extension point="xbmc.addon.repository" name="nostromo">
	    <dir>
		    <info compressed="false">https://raw.githubusercontent.com/nostromorepo/install/master/plugins/addons.xml</info>
		    <checksum>https://raw.githubusercontent.com/nostromorepo/install/master/plugins/addons.xml.md5</checksum>
		    <datadir zip="true">https://raw.githubusercontent.com/nostromorepo/install/master/plugins</datadir>
        </dir>
		<dir>
		    <info compressed="false">https://raw.githubusercontent.com/nostromorepo/magnetar/master/zips/addons.xml</info>
		    <checksum>https://raw.githubusercontent.com/nostromorepo/magnetar/master/zips/addons.xml.md5</checksum>
		    <datadir zip="true">https://raw.githubusercontent.com/nostromorepo/magnetar/master/zips</datadir>
        </dir>
		<dir minversion="16.0.0">
            <info compressed="false">https://github.com/primaeval/repository.primaeval/raw/master/jarvis/addons.xml</info>
            <checksum>https://github.com/primaeval/repository.primaeval/raw/master/jarvis/addons.xml.md5</checksum>
            <datadir zip="true">https://raw.github.com/primaeval/repository.primaeval/master/jarvis/</datadir>
        </dir>
        <dir minversion="17.0.0">
            <info compressed="false">https://github.com/primaeval/repository.primaeval/raw/master/krypton/addons.xml</info>
            <checksum>https://github.com/primaeval/repository.primaeval/raw/master/krypton/addons.xml.md5</checksum>
            <datadir zip="true">https://raw.github.com/primaeval/repository.primaeval/master/krypton/</datadir>
        </dir>
		<dir>
		    <info compressed="false">https://raw.githubusercontent.com/jsergio123/zips/master/addons.xml</info>
            <checksum>https://raw.githubusercontent.com/jsergio123/zips/master/addons.xml.md5</checksum>
            <datadir zip="true">https://raw.githubusercontent.com/jsergio123/zips/master/</datadir>
		</dir>
		<dir>
            <info compressed="false">https://raw.githubusercontent.com/Gujal00/smrzips/master/addons.xml</info>
            <checksum>https://raw.githubusercontent.com/Gujal00/smrzips/master/addons.xml.md5</checksum>
            <datadir zip="true">https://raw.githubusercontent.com/Gujal00/smrzips/master/zips/</datadir>
        </dir>
		<dir>
			<info compressed="false">https://raw.githubusercontent.com/a4k-openproject/repository.openscrapers/master/zips/addons.xml</info>
			<checksum>https://raw.githubusercontent.com/a4k-openproject/repository.openscrapers/master/zips/addons.xml.md5</checksum>
			<datadir zip="true">https://raw.githubusercontent.com/a4k-openproject/repository.openscrapers/master/zips/</datadir>
		</dir>
		<dir>
            <info compressed="false">https://raw.githubusercontent.com/teamuniversal/scrapers/master/_modules4all/zips/addons.xml</info>
            <checksum>https://raw.githubusercontent.com/teamuniversal/scrapers/master/_modules4all/zips/addons.xml.md5</checksum>
            <datadir zip="true">https://raw.githubusercontent.com/teamuniversal/scrapers/master/_modules4all/zips/</datadir>
        </dir>
		<dir>
		    <info>https://raw.githubusercontent.com/rmrector/repository.rector.stuff/master/addons.xml</info>
		    <checksum>https://raw.githubusercontent.com/rmrector/repository.rector.stuff/master/addons.xml.md5</checksum>
		    <datadir zip="true">https://raw.githubusercontent.com/rmrector/repository.rector.stuff/master/</datadir>
		</dir>
	</extension>
	<extension point="xbmc.addon.metadata">
		<summary>Nostromo Repository</summary>
		<description>Nostromo Repository</description>
		<platform>all</platform>
	</extension>
</addon>