<?xml version="1.0" encoding="UTF-8" standalone="yes"?>
<addon id="script.module.thebeanies" name="[COLOR orchid]THE BEANIES MODULE[/COLOR]" version="20.5.28" provider-name="The Beanies">
    <requires>
        <import addon="xbmc.python" version="2.25.0"/>
        <import addon="script.module.beautifulsoup4"/>
    </requires>
    <extension point="xbmc.python.module" library="lib" />
    <extension point="xbmc.addon.metadata">
        <summary lang="en">The Beanies is a team of babies that does what it can to lie / bully you or others of the Kodi Community.</summary>
        <description lang="en">Many have cotton. Some have fluff. The true are full of beans.</description>
        <platform>all</platform>
        <license>GNU GENERAL PUBLIC LICENSE. Version 3, 29 June 2007</license>
        <disclaimer lang="en">The author of this addon do not host any of the content which is found and have no affiliation with any of the content providers. This addon simply searches websites for content. Use at your own risk!</disclaimer>
        <assets>
            <icon>icon.png</icon>
            <fanart>fanart.jpg</fanart>
        </assets>
    </extension>
</addon>
