[{
        "name": "ABC",
        "url": "https://ustvgo.tv/abc-live-streaming-free/",
        "image": "https://www.logolynx.com/images/logolynx/98/98fa45d961809b1491bec80da2224794.png?raw=true",
        "action": "ustvgoPlay"
    }, {
        "name": "AE",
        "url": "https://ustvgo.tv/ae-networks-live-streaming-free/",
        "image": "https://www.logolynx.com/images/logolynx/s_5e/5e7a6a28230dea461caad000ac36932f.jpeg?raw=true",
        "action": "ustvgoPlay"
    }, {
        "name": "AMC",
        "url": "https://ustvgo.tv/amc-live/",
        "image": "https://www.logolynx.com/images/logolynx/s_53/53495cf02b4180f033dc9fb66b87046b.png?raw=true",
        "action": "ustvgoPlay"
    }, {
        "name": "Animal Planet",
        "url": "https://ustvgo.tv/animal-planet-live/",
        "image": "https://www.logolynx.com/images/logolynx/s_e8/e8e80ab8baada52631ffa8328aed08bf.png?raw=true",
        "action": "ustvgoPlay"
    }, {
        "name": "BBCAmerica",
        "url": "https://ustvgo.tv/bbc-america-live/",
        "image": "https://www.logolynx.com/images/logolynx/s_de/de476d562b5b5ce61169dd8d230e970e.jpeg?raw=true",
        "action": "ustvgoPlay"
    }, {
        "name": "Big Ten Network",
        "url": "https://ustvgo.tv/big-ten-network/",
        "image": "https://www.logolynx.com/images/logolynx/s_aa/aa4e08164177df93e52afeab71783b47.jpeg?raw=true",
        "action": "ustvgoPlay"
    }, {
        "name": "BET",
        "url": "https://ustvgo.tv/bet/",
        "image": "https://www.logolynx.com/images/logolynx/s_7a/7a513172ab59a076224958f8b4313734.jpeg?raw=true",
        "action": "ustvgoPlay"
    }, {
        "name": "Boomerang",
        "url": "https://ustvgo.tv/boomerang/",
        "image": "https://www.logolynx.com/images/logolynx/s_3f/3f7f0aee6b3c1ca2812bb2ba230b8f4e.png?raw=true",
        "action": "ustvgoPlay"
    }, {
        "name": "Bravo",
        "url": "https://ustvgo.tv/bravo-channel-live-free/",
        "image": "https://www.logolynx.com/images/logolynx/s_82/8224e668e8a5f9b16fd14c2fc2601562.png?raw=true",
        "action": "ustvgoPlay"
    }, {
        "name": "CBS",
        "url": "https://ustvgo.tv/cbs-live-streaming-free/",
        "image": "https://www.logolynx.com/images/logolynx/s_f5/f5394b21afdc6a156f039f37342b9752.jpeg?raw=true",
        "action": "ustvgoPlay"
    },
       {
        "name": "C-SPAN",
        "url": "https://ustvgo.tv/c-span/",
        "image": "https://www.logolynx.com/images/logolynx/s_43/43b86b0083adf6093d96b739e2f19468.png?raw=true",
        "action": "ustvgoPlay"
    }, {
        "name": "CBS Sports Network",
        "url": "https://ustvgo.tv/cbs-sports-network/",
        "image": "https://www.logolynx.com/images/logolynx/s_80/80f37044731d91497b9f90eca8192b63.png?raw=true",
        "action": "ustvgoPlay"
    }, {
        "name": "Cinemax",
        "url": "https://ustvgo.tv/cinemax/",
        "image": "https://www.logolynx.com/images/logolynx/s_10/10f9643c04657b2fef787e75648a783c.png?raw=true",
        "action": "ustvgoPlay"
    }, {
        "name": "CMT",
        "url": "https://ustvgo.tv/cmt/",
        "image": "https://www.logolynx.com/images/logolynx/s_3d/3dedb4559ff24561e9790d097eed769a.png?raw=true",
        "action": "ustvgoPlay"
    }, {
        "name": "Cartoon Network",
        "url": "https://ustvgo.tv/cartoon-network/",
        "image": "https://www.logolynx.com/images/logolynx/s_fa/fae5f1d5275bf541fb572ed844b1fc39.jpeg?raw=true",
        "action": "ustvgoPlay"
    }, {
        "name": "CNBC",
        "url": "https://ustvgo.tv/cnbc-live-streaming-free/",
        "image": "https://www.logolynx.com/images/logolynx/s_9c/9c5a8ab6f281a7f42bd460db7ddb2215.png?raw=true",
        "action": "ustvgoPlay"
    }, {
        "name": "CNN",
        "url": "https://ustvgo.tv/cnn-live-streaming-free/",
        "image": "https://www.logolynx.com/images/logolynx/s_6d/6d5e39c0fc0fc37d7c6ca0f4c6e3c2c0.jpeg?raw=true",
        "action": "ustvgoPlay"
    }, {
        "name": "Comedy",
        "url": "https://ustvgo.tv/comedy-central-live-free/",
        "image": "https://www.logolynx.com/images/logolynx/s_80/80eb9ec840d011bf60aeb72b9a31b931.png?raw=true",
        "action": "ustvgoPlay"
    }, {
        "name": "The CW",
        "url": "https://ustvgo.tv/the-cw-live-streaming-free/",
        "image": "https://www.logolynx.com/images/logolynx/s_89/89af5f3473dcfc25a24b725a607e16b6.jpeg?raw=true",
        "action": "ustvgoPlay"
    }, {
        "name": "Destination America",
        "url": "https://ustvgo.tv/destination-america/",
        "image": "https://www.logolynx.com/images/logolynx/s_04/04aa0924f129780b337bebacf4e7eb8d.jpeg?raw=true",
        "action": "ustvgoPlay"
    }, {
        "name": "Discovery",
        "url": "https://ustvgo.tv/discovery-channel-live/",
        "image": "https://www.logolynx.com/images/logolynx/4d/4d1a34c5367169a17e50315dfdfa688c.jpeg?raw=true",
        "action": "ustvgoPlay"
    }, {
        "name": "Disney",
        "url": "https://ustvgo.tv/disney-channel-live-streaming-free/",
        "image": "https://www.logolynx.com/images/logolynx/a8/a88b9c1865cceca283928e28c5d66633.png?raw=true",
        "action": "ustvgoPlay"
    }, {
        "name": "DisneyJr",
        "url": "https://ustvgo.tv/disneyjr/",
        "image": "https://www.logolynx.com/images/logolynx/s_d5/d5f421e9cef4cb4e1c72c449a5ca7336.jpeg?raw=true",
        "action": "ustvgoPlay"
    }, {
        "name": "DisneyXD",
        "url": "https://ustvgo.tv/disneyxd/",
        "image": "https://www.logolynx.com/images/logolynx/s_0b/0b4f6c8a47218858ca44871dd530735a.png?raw=true",
        "action": "ustvgoPlay"
    }, {
        "name": "Do it yourself ( DIY )",
        "url": "https://ustvgo.tv/diy/",
        "image": "https://www.logolynx.com/images/logolynx/2f/2f206d68d45dd46191b629039d36b585.jpeg?raw=true",
        "action": "ustvgoPlay"
    }, {
        "name": "E!",
        "url": "https://ustvgo.tv/eonline/",
        "image": "https://www.logolynx.com/images/logolynx/s_9c/9cde551c3558d77392f8a75e9e0bef84.jpeg?raw=true",
        "action": "ustvgoPlay"
    }, {
        "name": "ESPN",
        "url": "https://ustvgo.tv/espn-live/",
        "image": "https://www.logolynx.com/images/logolynx/s_d5/d54907ac827accb9b7cb3b1f2839b817.png?raw=true",
        "action": "ustvgoPlay"
    }, {
        "name": "ESPN2",
        "url": "https://ustvgo.tv/espn2/",
        "image": "https://www.logolynx.com/images/logolynx/s_f6/f6fc6b0d8b876da9ab2ed9b72e3f7e06.png?raw=true",
        "action": "ustvgoPlay"
    }, {
        "name": "ESPNU",
        "url": "https://ustvgo.tv/espnu/",
        "image": "https://www.logolynx.com/images/logolynx/s_a5/a53ab302d73739fbbd9f21ab8b38102e.png?raw=true",
        "action": "ustvgoPlay"
    }, {
        "name": "ESPNews",
        "url": "https://ustvgo.tv/espnews/",
        "image": "https://barrettsportsmedia.com/wp-content/uploads/2019/08/ESPNEWS-e1566301633863.jpg?raw=true",
        "action": "ustvgoPlay"
    }, {
        "name": "FoodNetwork",
        "url": "https://ustvgo.tv/food-network-live-free/",
        "image": "https://www.logolynx.com/images/logolynx/s_ab/ab23a116582cc40225127e5d2faf9c6b.jpeg?raw=true",
        "action": "ustvgoPlay"
    }, {
        "name": "FOX",
        "url": "https://ustvgo.tv/fox-hd-live-streaming/",
        "image": "https://www.logolynx.com/images/logolynx/s_36/367cb6a301301c91b3b5ba4cb6f0d51c.png?raw=true",
        "action": "ustvgoPlay"
    }, {
        "name": "FoxBusiness",
        "url": "https://ustvgo.tv/fox-business-live-streaming-free/",
        "image": "https://www.logolynx.com/images/logolynx/s_4c/4cab10fa25b4dcfef516d75993d6581d.jpeg?raw=true",
        "action": "ustvgoPlay"
    }, {
        "name": "FoxNews",
        "url": "https://ustvgo.tv/fox-news-live-streaming-free/",
        "image": "https://upload.wikimedia.org/wikipedia/commons/thumb/6/67/Fox_News_Channel_logo.svg/300px-Fox_News_Channel_logo.svg.png?raw=true",
        "action": "ustvgoPlay"
    }, {
        "name": "Freeform",
        "url": "https://ustvgo.tv/freeform-channel-live-free/",
        "image": "https://www.logolynx.com/images/logolynx/s_b2/b209b79c090b5c42121aedaa5dccf893.png?raw=true",
        "action": "ustvgoPlay"
    }, {
        "name": "Fox Sports 1 (FS1)",
        "url": "https://ustvgo.tv/fox-sports-1/",
        "image": "https://upload.wikimedia.org/wikipedia/commons/thumb/3/37/2015_Fox_Sports_1_logo.svg/400px-2015_Fox_Sports_1_logo.svg.png?raw=true",
        "action": "ustvgoPlay"
    }, {
        "name": "Fox Sports 2 (FS2)",
        "url": "https://ustvgo.tv/fox-sports-2/",
        "image": "https://upload.wikimedia.org/wikipedia/commons/thumb/3/38/FS2_logo_2015.svg/400px-FS2_logo_2015.svg.png?raw=true",
        "action": "ustvgoPlay"
    }, {
        "name": "FX",
        "url": "https://ustvgo.tv/fx-channel-live/",
        "image": "https://www.logolynx.com/images/logolynx/s_21/21797358da8e2b861dc36691c26a4b6a.png?raw=true",
        "action": "ustvgoPlay"
    }, {
        "name": "FX Movie Channel",
        "url": "https://ustvgo.tv/fxm/",
        "image": "https://www.logolynx.com/images/logolynx/s_c0/c09b3a4ed9b8094a88603c53acd8d807.jpeg?raw=true",
        "action": "ustvgoPlay"
    }, {
        "name": "FXX",
        "url": "https://ustvgo.tv/fxx/",
        "image": "https://www.logolynx.com/images/logolynx/s_0b/0b355a7e80b7ad20f0e33d9a4a522243.png?raw=true",
        "action": "ustvgoPlay"
    }, {
        "name": "Golf Channel",
        "url": "https://ustvgo.tv/golf-channel-live-free/",
        "image": "https://www.logolynx.com/images/logolynx/s_18/18ac78346ca9c9e0e4eb02a5e9eb93f1.png?raw=true",
        "action": "ustvgoPlay"
    }, {
        "name": "Game Show Network",
        "url": "https://ustvgo.tv/gsn/",
        "image": "https://www.logolynx.com/images/logolynx/s_ca/ca8c95ff9743a898807a385b72b5cf9d.jpeg?raw=true",
        "action": "ustvgoPlay"
    }, {
        "name": "Hallmark Channel",
        "url": "https://ustvgo.tv/hallmark-channel-live-streaming-free/",
        "image": "https://www.logolynx.com/images/logolynx/s_86/860d46b673214698929ee263dc02106c.jpeg?raw=true",
        "action": "ustvgoPlay"
    }, {
        "name": "HBO",
        "url": "https://ustvgo.tv/hbo/",
        "image": "https://www.logolynx.com/images/logolynx/s_3a/3a71c7a4f19b90925779fb14d0523ea5.png?raw=true",
        "action": "ustvgoPlay"
    }, {
        "name": "HGTV",
        "url": "https://ustvgo.tv/hgtv-live-streaming-free/",
        "image": "https://www.logolynx.com/images/logolynx/s_48/4888c98e97fa9bd1bad060f58a816bf0.jpeg?raw=true",
        "action": "ustvgoPlay"
    }, {
        "name": "History",
        "url": "https://ustvgo.tv/history-channel-live/",
        "image": "https://www.logolynx.com/images/logolynx/s_29/2963cbad66b7eead31adfb0d932ea671.jpeg?raw=true",
        "action": "ustvgoPlay"
    }, {
        "name": "HLN",
        "url": "https://ustvgo.tv/hln/",
        "image": "https://www.logolynx.com/images/logolynx/s_00/0063c346522f2ebcbe68821d7070138f.png?raw=true",
        "action": "ustvgoPlay"
    }, {
        "name": "Hallmark Movies & Mysteries",
        "url": "https://ustvgo.tv/hallmark-movies-mysteries-live-streaming-free/",
        "image": "https://www.logolynx.com/images/logolynx/s_b5/b5f9a889ccdcb331ce709f7174ce08f6.png?raw=true",
        "action": "ustvgoPlay"
    }, {
        "name": "Investigation Discovery",
        "url": "https://ustvgo.tv/investigation-discovery-live-streaming-free/",
        "image": "https://www.logolynx.com/images/logolynx/s_c9/c9f987f568dca308e0abf398ae34c80e.jpeg?raw=true",
        "action": "ustvgoPlay"
    }, {
        "name": "Lifetime",
        "url": "https://ustvgo.tv/lifetime-channel-live/",
        "image": "https://www.logolynx.com/images/logolynx/s_0c/0c2ab92d23565fd37ae2954010ef6373.jpeg?raw=true",
        "action": "ustvgoPlay"
    }, {
        "name": "Lifetime Movie Network",
        "url": "https://ustvgo.tv/lifetime-movies/",
        "image": "https://www.logolynx.com/images/logolynx/s_11/11444d127fdbec9bed940cd1f801137a.jpeg?raw=true",
        "action": "ustvgoPlay"
    }, {
        "name": "MLB Network",
        "url": "https://ustvgo.tv/mlb-network/",
        "image": "https://upload.wikimedia.org/wikipedia/en/thumb/a/ac/MLBNetworkLogo.svg/280px-MLBNetworkLogo.svg.png?raw=true",
        "action": "ustvgoPlay"
    }, {
        "name": "Motor Trend",
        "url": "https://ustvgo.tv/motortrend/",
        "image": "https://www.logolynx.com/images/logolynx/s_e3/e3a94e2fcdab14ceeaf110ffd0338172.jpeg?raw=true",
        "action": "ustvgoPlay"
    }, {
        "name": "MSNBC",
        "url": "https://ustvgo.tv/msnbc-live-streaming-free/",
        "image": "https://www.logolynx.com/images/logolynx/s_c4/c4b2e7cdd50a7780d703d06973913d94.jpeg?raw=true",
        "action": "ustvgoPlay"
    }, {
        "name": "MTV",
        "url": "https://ustvgo.tv/mtv/",
        "image": "https://www.logolynx.com/images/logolynx/s_5c/5c4680c52148d0935ee95a72d47bf3d3.png?raw=true",
        "action": "ustvgoPlay"
    }, {
        "name": "National Geographic",
        "url": "https://ustvgo.tv/national-geographic-live/",
        "image": "https://www.logolynx.com/images/logolynx/s_73/737a34c73caa4280d7743e4ad827ed9e.jpeg?raw=true",
        "action": "ustvgoPlay"
    }, {
        "name": "Nat Geo Wild",
        "url": "https://ustvgo.tv/nat-geo-wild-live/",
        "image": "https://www.logolynx.com/images/logolynx/s_bb/bba2c47e7981552063045b6dd8bcacf2.jpeg?raw=true",
        "action": "ustvgoPlay"
    }, {
        "name": "NBA TV",
        "url": "https://ustvgo.tv/nba-tv/",
        "image": "https://upload.wikimedia.org/wikipedia/en/thumb/d/d2/NBA_TV.svg/300px-NBA_TV.svg.png?raw=true",
        "action": "ustvgoPlay"
    }, {
        "name": "NBC",
        "url": "https://ustvgo.tv/nbc/",
        "image": "https://www.logolynx.com/images/logolynx/s_bd/bdc25b41aee5efd29776861f7ff7e610.png?raw=true",
        "action": "ustvgoPlay"
    }, {
        "name": "NBC Sports ( NBCSN )",
        "url": "https://ustvgo.tv/nbc-sports/",
        "image": "https://www.logolynx.com/images/logolynx/s_51/5122ead77439ff8c1e72300333a73855.png?raw=true",
        "action": "ustvgoPlay"
    }, {
        "name": "NFL Network",
        "url": "https://ustvgo.tv/nfl-network-live-free/",
        "image": "https://www.logolynx.com/images/logolynx/s_1d/1d1848d03a3a4ee5d6fb4b914c324a45.jpeg?raw=true",
        "action": "ustvgoPlay"
    },
       {
        "name": "NFL RedZone",
        "url": "https://ustvgo.tv/nfl-redzone/",
        "image": "https://www.arvig.com/wp-content/uploads/2020/09/NFL_RZ_NFLN_SmallApplication_RGB.png?raw=true",
        "action": "ustvgoPlay"
    }, {
        "name": "Nickelodeon",
        "url": "https://ustvgo.tv/nickelodeon-live-streaming-free/",
        "image": "https://www.logolynx.com/images/logolynx/s_d5/d534822f3432114d3c7a252b44a3a21b.jpeg?raw=true",
        "action": "ustvgoPlay"
    }, {
        "name": "Nicktoons",
        "url": "https://ustvgo.tv/nicktoons/",
        "image": "https://www.logolynx.com/images/logolynx/s_51/51929b9e4bd2eb2bc8554563e35b078a.jpeg?raw=true",
        "action": "ustvgoPlay"
    }, {
        "name": "One America News Network",
        "url": "https://ustvgo.tv/one-america-news-network/",
        "image": "https://images-na.ssl-images-amazon.com/images/I/91j3FdGQsmL.png?raw=true",
        "action": "ustvgoPlay"
    }, {
        "name": "Oprah Winfrey Network (OWN)",
        "url": "https://ustvgo.tv/own/",
        "image": "https://www.logolynx.com/images/logolynx/s_f4/f49d83c0fc12788a04a30dc76ec0e3fe.jpeg?raw=true",
        "action": "ustvgoPlay"
    }, {
        "name": "Olympic Channel",
        "url": "https://ustvgo.tv/olympic-channel/",
        "image": "https://www.logolynx.com/images/logolynx/s_22/22be1204a83c3cdd97f31c5624716d69.png?raw=true",
        "action": "ustvgoPlay"
    }, {
        "name": "Oxygen",
        "url": "https://ustvgo.tv/oxygen/",
        "image": "https://www.logolynx.com/images/logolynx/s_27/27446bc7a6f0e7f453ae0e724354e4ae.jpeg?raw=true",
        "action": "ustvgoPlay"
    }, {
        "name": "Paramount",
        "url": "https://ustvgo.tv/paramount-network/",
        "image": "https://www.logolynx.com/images/logolynx/s_2f/2f027f6a1f8cec75c8fb8651732c18b9.jpeg?raw=true",
        "action": "ustvgoPlay"
    }, {
        "name": "PBS",
        "url": "https://ustvgo.tv/pbs-live/",
        "image": "https://www.logolynx.com/images/logolynx/s_24/243a9ea27e9a08497d7a8ed3cf217c52.png?raw=true",
        "action": "ustvgoPlay"
    }, {
        "name": "POP",
        "url": "https://ustvgo.tv/pop/",
        "image": "https://www.logolynx.com/images/logolynx/s_47/4720307e7655298239dc7bd00f360215.jpeg?raw=true",
        "action": "ustvgoPlay"
    }, {
        "name": "Science",
        "url": "https://ustvgo.tv/science/",
        "image": "https://www.logolynx.com/images/logolynx/s_25/254e4a3f003f602b3c9e38767029ba34.png?raw=true",
        "action": "ustvgoPlay"
    }, {
        "name": "SEC Network",
        "url": "https://ustvgo.tv/sec-network/",
        "image": "https://www.logolynx.com/images/logolynx/s_60/607095e615805f44e602c7b1368bb6b9.jpeg?raw=true",
        "action": "ustvgoPlay"
    }, {
        "name": "Showtime",
        "url": "https://ustvgo.tv/showtime/",
        "image": "https://www.logolynx.com/images/logolynx/s_dd/dd6a3a53556d1f348532cc4161b4fdfa.png?raw=true",
        "action": "ustvgoPlay"
    }, {
        "name": "StarZ",
        "url": "https://ustvgo.tv/starz-channel-live/",
        "image": "https://www.logolynx.com/images/logolynx/s_03/03eaf3392cbe54c57f49fd3964bbda8d.png?raw=true",
        "action": "ustvgoPlay"
    }, {
        "name": "SundanceTV",
        "url": "https://ustvgo.tv/sundance-tv/",
        "image": "https://www.logolynx.com/images/logolynx/s_d9/d9b2ac1fb67f11b8847da4cc6e3d9d5f.jpeg?raw=true",
        "action": "ustvgoPlay"
    }, {
        "name": "SYFY",
        "url": "https://ustvgo.tv/syfy-channel-live/",
        "image": "https://www.logolynx.com/images/logolynx/s_c8/c81a49e5df692db2751cc18f38e0f73c.png?raw=true",
        "action": "ustvgoPlay"
    }, {
        "name": "TBS",
        "url": "https://ustvgo.tv/tbs-channel-live-free/",
        "image": "https://www.logolynx.com/images/logolynx/ae/aef6a827e5bf9228259c102f960ad239.jpeg?raw=true",
        "action": "ustvgoPlay"
    }, {
        "name": "Turner Classic Movies (TCM)",
        "url": "https://ustvgo.tv/tcm/",
        "image": "https://www.logolynx.com/images/logolynx/s_4e/4eddfecb1890f7ceda01d492a76d2113.jpeg?raw=true",
        "action": "ustvgoPlay"
    }, {
        "name": "Telemundo",
        "url": "https://ustvgo.tv/telemundo/",
        "image": "https://www.logolynx.com/images/logolynx/s_d0/d07afeed479e2baf241866659954c053.jpeg?raw=true",
        "action": "ustvgoPlay"
    }, {
        "name": "Tennis Channel",
        "url": "https://ustvgo.tv/tennis-channel-live-free/",
        "image": "https://www.logolynx.com/images/logolynx/d8/d820b599115cec837922eaca13d4c20d.jpeg?raw=true",
        "action": "ustvgoPlay"
    }, {
        "name": "TLC",
        "url": "https://ustvgo.tv/tlc-live-free/",
        "image": "https://www.logolynx.com/images/logolynx/19/191c32476364562fea3805b08cf08b59.png?raw=true",
        "action": "ustvgoPlay"
    }, {
        "name": "TNT",
        "url": "https://ustvgo.tv/tnt/",
        "image": "https://www.logolynx.com/images/logolynx/19/193ece4167fba99947a6affac293b900.png?raw=true",
        "action": "ustvgoPlay"
    }, {
        "name": "Travel Channel",
        "url": "https://ustvgo.tv/travel-channel-live-free/",
        "image": "https://www.logolynx.com/images/logolynx/s_8e/8eb71b22081843d404bdf08a0b678142.png?raw=true",
        "action": "ustvgoPlay"
    }, {
        "name": "truTV",
        "url": "https://ustvgo.tv/trutv/",
        "image": "https://www.logolynx.com/images/logolynx/83/83d589f38e39cfae048e992dd6644c57.png?raw=true",
        "action": "ustvgoPlay"
    }, {
        "name": "TV Land",
        "url": "https://ustvgo.tv/tv-land-live-free/",
        "image": "https://www.logolynx.com/images/logolynx/8e/8e589c29582a977aecac09a4cdb950e3.png?raw=true",
        "action": "ustvgoPlay"
    }, {
        "name": "The Weather Channel",
        "url": "https://ustvgo.tv/the-weather-channel-live-streaming-free/",
        "image": "https://www.logolynx.com/images/logolynx/s_ed/edf4ffb70907944c0f0827f8bb46a022.png?raw=true",
        "action": "ustvgoPlay"
    }, {
        "name": "Univision",
        "url": "https://ustvgo.tv/univision/",
        "image": "https://www.logolynx.com/images/logolynx/s_ca/ca1ce6a0413fc1a79bf007b22d06fb0f.jpeg?raw=true",
        "action": "ustvgoPlay"
    }, {
        "name": "USA Network",
        "url": "https://ustvgo.tv/usa-network-live/",
        "image": "https://www.logolynx.com/images/logolynx/s_3e/3e26b6fad83b3eaaa2199ee12e4df8d8.png?raw=true",
        "action": "ustvgoPlay"
    }, {
        "name": "VH1",
        "url": "https://ustvgo.tv/vh1/",
        "image": "https://www.logolynx.com/images/logolynx/f7/f79d12aab12173e2d2f5765436dabf8e.png?raw=true",
        "action": "ustvgoPlay"
    }, {
        "name": "We TV",
        "url": "https://ustvgo.tv/we-tv/",
        "image": "https://www.logolynx.com/images/logolynx/s_10/106c99cd0983dd14f9e988f9a6cafd57.png?raw=true",
        "action": "ustvgoPlay"
    }, {
        "name": "WWE Network",
        "url": "https://ustvgo.tv/wwe-network/",
        "image": "https://www.logolynx.com/images/logolynx/bc/bcdcd09dd1c3d93b1449e706ecf816a3.jpeg?raw=true",
        "action": "ustvgoPlay"
    }, {
        "name": "YES Network",
        "url": "https://ustvgo.tv/yes-network/",
        "image": "https://thejewishvoice.com/wp-content/uploads/2018/06/Sports-Yankees-pic.jpg?raw=true",
        "action": "ustvgoPlay"
    }, {
        "name": "MSNBC Live Streaming Free",
        "url": "https://ustvgo.tv/nbc/",
        "image": "https://freetvonline.live/wp-content/uploads/2018/12/msnbc-live-min.jpg?raw=true",
        "action": "ustvgoPlay"
    }
]
