<?xml version="1.0" encoding="UTF-8" standalone="yes"?>
<addon id="repository.magnetar" name="magnetar" version="1.0.0" provider-name="magnetar">
	<extension point="xbmc.addon.repository" name="magnetar">
	    <dir>
		    <info compressed="false">https://raw.githubusercontent.com/nostromorepo/magnetar/master/zips/addons.xml</info>
		    <checksum>https://raw.githubusercontent.com/nostromorepo/magnetar/master/zips/addons.xml.md5</checksum>
		    <datadir zip="true">https://raw.githubusercontent.com/nostromorepo/magnetar/master/zips</datadir>
        </dir>
	</extension>
	<extension point="xbmc.addon.metadata">
		<summary>magnetar Repository</summary>
		<description>magnetar Repository</description>
		<platform>all</platform>
	</extension>
</addon>